case_id,VHL_mutation,PBMR1_mutation,TTN_mutation
TCGA-CJ-4634,1,1,0
TCGA-CJ-5675,0,1,0
TCGA-BP-4962,1,0,1
TCGA-CW-5588,1,0,0
TCGA-BP-4976,1,0,1
TCGA-B8-4622,1,1,0
TCGA-CZ-4853,1,1,1
TCGA-A3-3331,1,1,0
TCGA-CZ-5455,0,1,0
TCGA-BP-4986,1,0,1
TCGA-BP-4965,1,0,1
TCGA-B2-4099,1,1,0
TCGA-CJ-5671,0,1,0
TCGA-B0-5705,1,1,1
TCGA-BP-5201,1,1,0
TCGA-A3-A8OV,1,1,1
TCGA-CJ-4638,1,0,1
TCGA-AK-3429,0,0,0
TCGA-A3-3365,0,1,0
TCGA-DV-5568,0,0,0
TCGA-3Z-A93Z,1,0,0
TCGA-B4-5843,0,0,0
TCGA-DV-5569,0,0,0
TCGA-BP-4983,0,0,0
TCGA-B8-5545,0,0,0
TCGA-B0-5121,0,1,0
TCGA-A3-3380,1,0,0
TCGA-B8-A54K,0,0,0
TCGA-B0-5077,1,0,1
TCGA-B8-5163,1,0,0
TCGA-A3-3317,0,0,0
TCGA-BP-4163,0,0,0
TCGA-BP-5183,1,1,0
TCGA-CJ-6027,1,1,0
TCGA-DV-5567,1,0,0
TCGA-B0-5700,0,1,0
TCGA-BP-4998,1,0,1
TCGA-BP-5006,1,0,0
TCGA-B0-4712,1,1,0
TCGA-BP-5008,0,0,0
TCGA-BP-5198,1,1,1
TCGA-B0-5703,1,0,0
TCGA-B0-5697,0,0,0
TCGA-BP-4994,0,0,0
TCGA-CJ-5681,0,0,0
TCGA-B0-5691,1,0,0
TCGA-B8-A7U6,0,0,1
TCGA-B8-5165,1,0,0
TCGA-BP-4991,1,0,0
TCGA-B2-5639,1,1,0
TCGA-BP-5182,1,0,0
TCGA-B8-5549,1,0,0
TCGA-CJ-4912,1,1,1
TCGA-BP-4782,0,0,1
TCGA-B4-5377,0,1,1
TCGA-A3-3373,1,1,0
TCGA-BP-5178,1,0,0
TCGA-B2-5641,0,0,1
TCGA-CJ-5672,1,0,0
TCGA-B8-4153,0,0,0
TCGA-BP-4993,1,1,0
TCGA-CZ-5987,1,1,0
TCGA-B8-5552,0,0,1
TCGA-DV-5573,0,0,0
TCGA-B8-5159,1,0,0
TCGA-CJ-5676,1,1,0
TCGA-BP-5004,0,0,0
TCGA-AK-3458,1,1,0
TCGA-GK-A6C7,0,1,1
TCGA-CJ-4901,0,0,1
TCGA-BP-5184,1,1,0
TCGA-B0-4818,1,1,1
TCGA-B0-5108,1,0,0
TCGA-B0-5702,0,0,0
TCGA-B0-5098,0,0,1
TCGA-CZ-5457,0,0,0
TCGA-EU-5907,1,1,0
TCGA-CJ-5684,0,1,0
TCGA-BP-4967,1,0,0
TCGA-BP-5170,1,1,0
TCGA-CJ-4643,1,1,0
TCGA-A3-A8OW,0,1,0
TCGA-CW-5591,1,0,0
TCGA-B2-5633,0,0,0
TCGA-CZ-4863,0,0,0
TCGA-BP-4760,0,0,0
TCGA-A3-3311,0,1,1
TCGA-CZ-5453,1,1,0
TCGA-B0-5081,1,1,1
TCGA-A3-A6NN,0,1,0
TCGA-CW-6093,1,1,1
TCGA-A3-3346,0,1,0
TCGA-CZ-5986,1,1,0
TCGA-MW-A4EC,1,0,1
TCGA-BP-5199,0,0,0
TCGA-CW-5580,1,1,1
TCGA-B8-5158,0,1,0
TCGA-B0-4698,0,0,1
TCGA-B0-4827,1,0,0
TCGA-B0-5701,0,0,1
TCGA-BP-4162,0,0,0
TCGA-B0-4823,1,0,1
TCGA-CZ-5463,0,0,0
TCGA-A3-3322,0,1,0
TCGA-DV-A4W0,0,1,0
TCGA-A3-3326,0,0,0
TCGA-CJ-5683,0,1,0
TCGA-A3-3387,0,1,0
TCGA-CZ-5988,0,0,1
TCGA-BP-5181,1,1,0
TCGA-G6-A8L6,1,1,0
TCGA-CJ-6033,0,1,0
TCGA-BP-5174,1,0,0
TCGA-B0-5097,1,1,0
TCGA-BP-5168,0,0,0
TCGA-CJ-4869,0,0,1
TCGA-B8-4148,1,1,0
TCGA-AK-3455,1,0,0
TCGA-CW-5590,0,1,1
TCGA-B0-4815,0,1,0
TCGA-A3-3383,1,1,0
TCGA-AK-3456,0,0,0
TCGA-A3-3385,0,0,0
TCGA-EU-5906,1,0,1
TCGA-B4-5844,0,1,0
TCGA-B8-5553,0,0,0
TCGA-B8-4151,0,1,0
TCGA-B0-5113,1,1,0
TCGA-BP-4977,1,0,0
TCGA-CJ-4920,1,1,1
TCGA-CZ-5461,0,1,0
TCGA-CZ-4859,1,0,1
TCGA-BP-4999,1,0,0
TCGA-BP-5189,0,1,0
TCGA-EU-5905,1,0,0
TCGA-BP-5194,0,1,0
TCGA-CJ-4641,0,0,0
TCGA-BP-5180,1,1,0
TCGA-CZ-5468,0,0,0
TCGA-CJ-4905,0,1,1
TCGA-CJ-4908,1,1,0
TCGA-B4-5832,1,1,0
TCGA-B0-5104,0,1,0
TCGA-BP-4970,1,0,0
TCGA-CZ-5456,0,1,0
TCGA-CZ-5989,1,1,0
TCGA-BP-4985,0,1,0
TCGA-BP-5177,1,0,0
TCGA-A3-3362,1,1,1
TCGA-AK-3453,0,0,0
TCGA-DV-A4VZ,0,0,1
TCGA-B2-A4SR,0,0,0
TCGA-B0-5706,1,0,0
TCGA-G6-A5PC,0,0,0
TCGA-CJ-4902,1,0,0
TCGA-CJ-4913,0,1,0
TCGA-AK-3436,0,1,0
TCGA-CJ-4903,1,1,0
TCGA-CJ-4904,1,1,0
TCGA-BP-5010,1,0,0
TCGA-A3-3378,0,1,0
TCGA-B0-5095,1,0,0
TCGA-B8-A54E,0,0,0
TCGA-CJ-4918,0,0,0
TCGA-CJ-4907,0,0,0
TCGA-CJ-4923,1,1,0
TCGA-BP-4992,0,0,0
TCGA-B0-5096,1,1,1
TCGA-B2-4101,1,1,0
TCGA-BP-4982,0,1,0
TCGA-B2-5636,0,0,1
TCGA-B8-4619,0,0,0
TCGA-CJ-5689,0,0,0
TCGA-B0-5698,0,1,1
TCGA-B0-5707,0,0,0
TCGA-DV-5576,0,0,1
TCGA-CJ-5678,0,1,0
TCGA-B0-5400,0,0,0
TCGA-CZ-5459,1,0,1
TCGA-B0-5711,1,1,0
TCGA-AK-3430,0,1,0
TCGA-A3-A8OU,0,1,1
TCGA-CW-5583,1,0,0
TCGA-A3-3363,0,0,0
TCGA-B0-5094,1,1,1
TCGA-BP-5009,1,1,0
TCGA-CJ-5677,1,0,1
TCGA-EU-5904,1,0,1
TCGA-CJ-4644,1,1,1
TCGA-A3-3358,0,0,0
TCGA-B0-5100,0,0,1
TCGA-BP-4987,0,0,0
TCGA-B0-5699,0,1,0
TCGA-CW-5589,0,1,0
TCGA-B0-5690,0,1,1
TCGA-BP-4968,1,0,0
TCGA-A3-3319,0,0,0
TCGA-CJ-6030,1,1,0
TCGA-BP-5175,1,0,0
TCGA-BP-4988,1,1,0
TCGA-A3-3323,0,1,0
TCGA-BP-4981,0,1,0
TCGA-A3-3357,0,0,1
TCGA-BP-5187,1,1,0
TCGA-A3-3374,0,0,0
TCGA-CZ-5462,0,0,1
TCGA-BP-4989,1,1,1
TCGA-A3-3320,0,1,1
TCGA-B0-5120,0,1,1
TCGA-BP-5196,1,0,0
TCGA-A3-A6NL,0,0,0
TCGA-B0-5099,1,0,0
TCGA-B0-5084,0,0,0
TCGA-A3-3382,1,1,1
TCGA-A3-3370,0,0,0
TCGA-CZ-5460,1,1,0
TCGA-B0-5693,1,1,1
TCGA-A3-A6NJ,0,1,0
TCGA-B0-5695,1,1,0
TCGA-B4-5836,1,1,0
TCGA-B8-A54G,0,0,0
TCGA-AK-3426,0,0,0
TCGA-AK-3451,0,0,1
TCGA-CZ-5458,1,0,0
TCGA-BP-4770,0,0,0
TCGA-A3-3347,0,1,0
TCGA-BP-4801,0,1,1
TCGA-B8-A8YJ,0,0,0
TCGA-CW-6097,0,0,0
TCGA-DV-5575,0,0,0
TCGA-CJ-4900,1,1,0
TCGA-B0-5117,0,0,0
TCGA-CJ-4636,1,0,0
TCGA-BP-5173,0,0,1
TCGA-CJ-4637,1,0,0
TCGA-B0-4700,1,0,1
TCGA-B0-5083,0,0,0
TCGA-B8-5546,0,0,0
TCGA-B0-4706,1,1,0
TCGA-BP-4164,1,1,0
TCGA-CJ-6028,0,0,0
TCGA-CZ-5982,1,1,0
TCGA-CZ-5452,0,0,0
TCGA-B0-4945,1,0,0
TCGA-BP-4972,0,0,0
TCGA-B0-5106,1,0,0
TCGA-G6-A8L7,0,1,0
TCGA-BP-5185,1,1,1
TCGA-B0-5713,1,1,0
TCGA-CZ-5466,0,1,0
TCGA-A3-3313,0,0,1
TCGA-B0-5119,0,0,0
TCGA-AK-3444,1,0,1
TCGA-CJ-5680,1,0,0
TCGA-G6-A8L8,1,1,0
TCGA-BP-4995,1,1,1
TCGA-B0-5107,0,1,0
TCGA-BP-4974,0,0,0
TCGA-CZ-4865,0,0,0
TCGA-BP-5186,1,1,0
TCGA-BP-5202,0,0,0
TCGA-CW-5581,0,0,0
TCGA-BP-4963,1,1,0
TCGA-BP-4960,1,1,0
TCGA-DV-5565,0,0,1
TCGA-CJ-4916,0,1,0
TCGA-B0-5092,1,0,1
TCGA-B2-5635,1,0,0
TCGA-B4-5838,0,0,0
TCGA-CZ-5469,0,0,0
TCGA-B8-5162,1,0,0
TCGA-B0-5692,1,0,0
TCGA-B0-5712,0,1,1
TCGA-AS-3778,1,0,0
TCGA-B2-4102,0,0,0
TCGA-B0-5115,1,1,0
TCGA-BP-4161,0,1,1
TCGA-A3-3308,1,0,1
TCGA-AK-3440,0,0,0
TCGA-CJ-5686,1,0,0
TCGA-CZ-5451,0,1,0
TCGA-B0-5109,0,0,0
TCGA-B0-4821,0,0,0
TCGA-B0-5812,1,1,0
TCGA-A3-3372,1,1,0
TCGA-DV-5574,0,0,0
TCGA-B2-3924,1,1,0
TCGA-MM-A564,1,0,0
TCGA-CZ-5985,1,0,0
TCGA-AK-3447,0,0,0
TCGA-BP-5195,1,1,0
TCGA-B8-A54J,0,1,0
TCGA-AK-3427,0,0,0
TCGA-AS-3777,0,0,0
TCGA-B0-5116,0,1,1
TCGA-CZ-5470,1,1,0
TCGA-B0-5709,1,0,1
TCGA-B8-5551,1,0,0
TCGA-BP-5169,1,1,0
TCGA-B8-5164,0,0,0
TCGA-BP-5200,0,1,0
TCGA-B8-A54I,0,0,0
TCGA-CW-5585,0,0,0
TCGA-BP-4961,0,0,0
TCGA-CJ-5679,0,1,0
TCGA-B0-5088,1,0,0
TCGA-CW-6087,0,0,0
TCGA-B0-4810,1,0,0
TCGA-AK-3465,0,0,1
TCGA-BP-4971,0,0,0
TCGA-BP-5001,0,0,0
TCGA-AK-3443,0,0,0
TCGA-T7-A92I,0,0,1
TCGA-B8-A54H,1,0,0
TCGA-BP-5192,1,0,0
TCGA-6D-AA2E,0,0,0
TCGA-B0-4710,0,0,0
TCGA-BP-4973,0,1,0
TCGA-CW-5587,1,0,0
TCGA-CJ-6032,1,0,0
TCGA-CJ-5682,0,1,1
TCGA-BP-4964,1,1,1
TCGA-CZ-5984,1,0,0
TCGA-A3-3376,0,0,0
TCGA-B2-3923,0,0,0
TCGA-A3-A8CQ,0,0,0
TCGA-CZ-5454,0,1,0
TCGA-BP-5176,1,1,1
TCGA-CZ-5465,1,1,1
TCGA-CZ-4856,1,0,0
TCGA-BP-4177,0,0,0
TCGA-A3-3316,1,1,0
TCGA-BP-4795,0,0,0
TCGA-B0-5696,1,1,0
TCGA-B8-4621,0,0,0
TCGA-B8-4146,0,0,0
TCGA-B0-5110,0,1,0
TCGA-B4-5834,0,0,0
TCGA-B8-A54D,0,0,0
TCGA-B0-5402,1,0,0
TCGA-B0-4811,0,0,0
TCGA-B0-5085,1,1,1
TCGA-CW-6090,1,0,0
TCGA-B8-4143,0,0,1
TCGA-A3-3367,1,1,0
TCGA-MM-A563,0,0,0
TCGA-B0-4852,1,1,1
TCGA-CJ-4882,0,0,1
TCGA-A3-3349,1,0,0
TCGA-MM-A84U,0,0,1
TCGA-B0-4842,1,1,0
TCGA-BP-5191,0,0,0
TCGA-BP-5007,0,0,0
TCGA-CJ-6031,1,0,0
TCGA-B0-5075,1,0,0
TCGA-DV-A4VX,1,0,1
TCGA-A3-A8OX,1,0,0
TCGA-B0-5710,0,1,1
TCGA-B4-5835,0,0,1
TCGA-BP-5000,0,0,1
TCGA-CJ-4640,0,0,0
TCGA-B8-5550,0,0,1
TCGA-DV-5566,0,1,0
TCGA-A3-A6NI,1,0,0
TCGA-B8-A54F,0,0,0
TCGA-CJ-4899,0,0,0
TCGA-B0-5080,0,0,0
TCGA-BP-5190,0,1,0
TCGA-B2-4098,0,0,1
TCGA-CZ-4864,0,0,0
